﻿<?xml version="1.0" encoding="UTF-8" standalone="yes"?>
<Story xmlns="http://tempuri.org/StorySchema.xsd">
  <Node Text="Center" Texture="E:\Users\Csega\NET\Superstition\Superstition\bin\Debug\flame.bmp" Element="" Special="None" X="201" Y="111">
    <Link ref="4" />
    <Link ref="Mizujs" />
    <Link ref="5" />
  </Node>
  <Node Text="Mizujs" Texture="E:\Users\Csega\NET\Superstition\Superstition\bin\Debug\green.bmp" Element="E:\Users\Csega\NET\Superstition\Superstition\bin\Debug\end.x" Special="Finish" X="222" Y="253">
    <Link ref="Center" />
    <Link ref="5" />
    <Link ref="8" />
    <Link ref="6" />
  </Node>
  <Node Text="2" Texture="E:\Users\Csega\NET\Superstition\Superstition\bin\Debug\flame.bmp" Element="" Special="Start" X="342" Y="102">
    <Link ref="3" />
  </Node>
  <Node Text="3" Texture="E:\Users\Csega\NET\Superstition\Superstition\bin\Debug\flame_old.bmp" Element="E:\Users\Csega\NET\Superstition\Superstition\bin\Debug\flame.x" Special="None" X="99" Y="166">
    <Link ref="2" />
    <Link ref="5" />
    <Link ref="8" />
    <Link ref="6" />
  </Node>
  <Node Text="4" Texture="E:\Users\Csega\NET\Superstition\Superstition\bin\Debug\flame.bmp" Element="E:\Users\Csega\NET\Superstition\Superstition\bin\Debug\end.x" Special="Finish" X="316" Y="176">
    <Link ref="Center" />
    <Link ref="5" />
  </Node>
  <Node Text="5" Texture="E:\Users\Csega\NET\Superstition\Superstition\bin\Debug\flame.bmp" Element="" Special="None" X="243" Y="59">
    <Link ref="Center" />
    <Link ref="Mizujs" />
    <Link ref="3" />
    <Link ref="4" />
  </Node>
  <Node Text="6" Texture="E:\Users\Csega\NET\Superstition\Superstition\bin\Debug\tiger.bmp" Element="" Special="None" X="-6" Y="185">
    <Link ref="Mizujs" />
    <Link ref="3" />
    <Link ref="7" />
    <Link ref="9" />
    <Link ref="8" />
  </Node>
  <Node Text="7" Texture="E:\Users\Csega\NET\Superstition\Superstition\bin\Debug\tiger.bmp" Element="" Special="None" X="-41" Y="268">
    <Link ref="6" />
    <Link ref="8" />
    <Link ref="9" />
  </Node>
  <Node Text="8" Texture="E:\Users\Csega\NET\Superstition\Superstition\bin\Debug\tiger.bmp" Element="" Special="None" X="142" Y="288">
    <Link ref="Mizujs" />
    <Link ref="3" />
    <Link ref="6" />
    <Link ref="7" />
    <Link ref="9" />
  </Node>
  <Node Text="9" Texture="E:\Users\Csega\NET\Superstition\Superstition\bin\Debug\tiger.bmp" Element="" Special="None" X="31" Y="355">
    <Link ref="6" />
    <Link ref="7" />
    <Link ref="8" />
  </Node>
</Story>